Stochastic,Rsi,Volume,Bears,Bulls,EURUSD
22.52374,45.99008,2442.0,0.00047,-0.00059,0.9697
18.15476,42.10969,6690.0,0.00087,-0.00117,0.96898
36.67712,51.83251,7631.0,0.00057,-0.00156,0.97057
68.68132,56.05652,6143.0,0.00115,-0.00049,0.97141
80.63063,61.34621,6620.0,0.00378,0.00049,0.97262
74.4011,60.49859,4699.0,0.00267,0.00089,0.97249
75.4329,67.86236,9338.0,0.0039,0.00069,0.97448
54.58586,38.18143,13384.0,0.00409,-0.00757,0.96682
50.93488,46.71764,17580.0,-0.00037,-0.00603,0.96941
50.78318,53.15684,16582.0,0.00187,-0.00316,0.97179
72.11515,64.9405,17126.0,0.00815,-0.00067,0.9779
82.5181,63.71845,10474.0,0.00733,0.00386,0.97747
89.1199,67.14524,8476.0,0.00702,0.00326,0.97967
88.37514,64.13264,6309.0,0.00573,0.00383,0.97866
84.42029,60.68644,5862.0,0.00417,0.00235,0.97748
70.19447,61.14646,1031.0,0.00291,0.00213,0.97772
46.79267,59.94332,801.0,0.00232,0.00152,0.97734
23.87387,60.84387,1841.0,0.002,0.00106,0.97775
15.19126,57.36787,1710.0,0.0018,0.00075,0.97673
20.76503,57.52252,5159.0,0.0018,0.0001,0.97679
50.22573,64.8445,6195.0,0.00424,0.00015,0.97997
64.16593,61.4182,4517.0,0.00322,0.00201,0.97902
65.10638,60.25637,3242.0,0.00252,0.00124,0.9787
52.2695,58.24222,3619.0,0.00163,0.00053,0.97816
39.58488,56.13422,4825.0,0.00126,0.00013,0.9776
36.30017,59.71634,8035.0,0.0021,-0.00006,0.97887
32.82918,52.09566,8501.0,0.00137,-0.00223,0.97677
27.64753,46.74145,6178.0,-0.00035,-0.00265,0.97503
18.01029,41.34444,6341.0,-0.00117,-0.00463,0.97299
15.04808,42.81709,8268.0,-0.00029,-0.00363,0.97341
14.96599,38.8884,7085.0,-0.00131,-0.00458,0.97185
39.18259,54.61887,9499.0,0.00195,-0.00429,0.97729
42.16057,45.97063,13850.0,0.00454,-0.00241,0.97362
54.71924,50.05575,15254.0,-0.00002,-0.00471,0.97537
38.05727,46.75151,8636.0,0.00167,-0.00183,0.97386
31.78546,42.52248,7516.0,0.00011,-0.00338,0.97176
22.75018,45.32881,6578.0,-0.00144,-0.00308,0.97286
19.44895,44.22305,4796.0,-0.00095,-0.00227,0.97234
24.94039,45.49721,2789.0,-0.00102,-0.00232,0.9728
27.23684,44.49189,1404.0,-0.00069,-0.00179,0.97238
29.71481,43.74395,135.0,-0.00105,-0.00165,0.97208
44.97992,47.41499,1914.0,0.00032,-0.00135,0.97323
69.51952,49.64379,3376.0,0.00078,-0.00044,0.97395
82.48447,51.52938,4913.0,0.00139,0.00001,0.97456
84.97807,51.49513,5346.0,0.00125,0.00006,0.97455
81.86583,51.27365,3881.0,0.00131,0.00027,0.97449
71.20853,49.43105,3032.0,0.00085,-0.00001,0.97401
51.73853,48.06657,2536.0,0.00014,-0.00064,0.97366
51.39752,54.13993,4542.0,0.00152,-0.0005,0.97521
36.40351,46.40269,5455.0,0.00147,-0.00087,0.97317
49.3992,51.97872,11054.0,0.00164,-0.00088,0.9747
40.31891,48.94983,7274.0,0.00143,-0.00197,0.97386
66.9007,53.87238,5865.0,0.00156,-0.00058,0.97528
63.62167,52.33246,6770.0,0.00277,0.00036,0.97488
58.76364,49.24447,4947.0,0.00089,-0.00104,0.97407
62.64403,60.13108,7457.0,0.00377,-0.00176,0.97753
69.44899,61.84776,6835.0,0.0046,0.00204,0.9782
87.27518,69.27138,9823.0,0.00575,0.00205,0.98167
90.92224,73.33687,6702.0,0.00753,0.00317,0.98418
93.39994,72.22335,5694.0,0.00697,0.00528,0.98391
90.51186,72.57422,4498.0,0.006,0.0046,0.98412
89.26076,73.53982,4391.0,0.00501,0.00384,0.98468
82.98629,67.98338,3279.0,0.00429,0.00284,0.98348
77.6402,69.87392,1307.0,0.0035,0.00251,0.9844
56.35939,67.43567,215.0,0.00287,0.00219,0.98388
51.00182,68.1986,1036.0,0.0028,0.0019,0.98421
56.04839,68.60903,1588.0,0.0025,0.00175,0.98438
56.12245,67.06463,3456.0,0.00284,0.00152,0.9841
37.07665,62.24023,3411.0,0.0016,0.00035,0.98321
20.71006,61.86106,2768.0,0.00092,0.00004,0.98314
32.28247,64.99628,4050.0,0.00169,-0.00053,0.98409
57.28745,69.63593,5569.0,0.00338,0.00083,0.98572
71.2931,67.66873,4088.0,0.00273,0.00147,0.98539
76.7083,70.08256,7091.0,0.00334,0.00073,0.98626
73.13329,66.9696,8277.0,0.00315,-0.00109,0.98576
52.88204,52.63418,7996.0,0.0019,-0.00158,0.98293
35.80081,55.85371,7655.0,0.00136,-0.00125,0.98382
15.84906,48.26624,5964.0,0.0009,-0.00243,0.98192
22.67135,52.63224,5604.0,0.00039,-0.00173,0.98311
39.67876,59.850319999999996,7001.0,0.00191,-0.00133,0.98545
58.83735,59.09983,9160.0,0.0035,0.00051,0.98527
68.98551,57.87682,8810.0,0.0017,-0.00171,0.98499
54.72936,54.31108,8774.0,0.00079,-0.00205,0.98417
54.27915,59.04469,5628.0,0.00164,-0.00067,0.98559
53.902,57.85571,5833.0,0.00149,-0.00036,0.98533
64.29056,56.29694,4862.0,0.00137,-0.0004,0.985
72.80303,58.94755,3073.0,0.00101,-0.00024,0.98573
83.58925,59.95671,1263.0,0.00143,0.00031,0.98601
88.77434,60.14623,235.0,0.00108,0.00012,0.98606
88.57902,62.60077,1379.0,0.00156,0.00063,0.9867
80.44619,59.85517,2962.0,0.00179,0.00065,0.98626
68.72483,58.83858,4504.0,0.00113,-0.00024,0.9861
47.86451,57.19427,6005.0,0.00082,-0.00021,0.98585
29.01716,53.32006,4354.0,0.00057,-0.00065,0.98525
14.8704,48.35253,3352.0,0.00017,-0.00108,0.98441
9.05797,46.02969,2078.0,-0.00056,-0.00148,0.98399
8.91304,43.70119,2702.0,-0.00056,-0.00181,0.98356
8.13953,37.16475,7373.0,-0.00047,-0.00251,0.98218
26.09842,47.87532,8641.0,-0.00054,-0.00296,0.98393
25.89364,38.68965,8072.0,-0.00014,-0.00281,0.98168
36.82343,39.52762,6631.0,-0.00135,-0.00323,0.98183
13.14199,28.86961,6552.0,-0.00083,-0.00486,0.97809
20.56022,30.07117,7339.0,-0.00385,-0.00632,0.97831
19.90888,29.24409,9564.0,-0.00329,-0.00521,0.97797
25.96068,27.87605,10087.0,-0.00146,-0.00389,0.97741
31.80934,37.14744,8033.0,-0.00051,-0.00372,0.97904
38.18828,33.79788,5927.0,-0.00092,-0.00251,0.97788
36.04488,30.48615,5789.0,-0.00167,-0.00332,0.97659
23.18038,30.543309999999998,4966.0,-0.00201,-0.00363,0.9766
15.22922,31.03474,3350.0,-0.00113,-0.00265,0.97668
26.54659,34.90181,3218.0,-0.00108,-0.00227,0.9773
37.52345,34.59674,2024.0,-0.00091,-0.00145,0.97721
56.36364,35.4122,123.0,-0.00092,-0.00138,0.97733
53.79538,32.41987,1257.0,-0.0005,-0.00165,0.97651
43.42857,32.7203,1923.0,-0.00115,-0.00182,0.97655
27.14286,32.48562,3684.0,-0.0005,-0.00183,0.97649
27.45455,29.92771,4935.0,-0.00088,-0.00194,0.97583
34.4426,35.74128,3966.0,-0.00064,-0.00165,0.97653
35.18519,34.03687,2951.0,-0.00048,-0.00146,0.97614
59.18958,46.10266,5218.0,0.00134,-0.00131,0.97783
71.68894,49.14385,6674.0,0.00153,0.00008,0.97834
85.35403,53.89615,6495.0,0.00177,0.00027,0.9792
85.84392,50.78742,8238.0,0.00167,-0.00064,0.97868
79.42498,47.80052,6633.0,0.00138,-0.00052,0.97816
66.45963,48.68082,5178.0,0.001,-0.00061,0.9783
73.38282,60.80341,6155.0,0.00242,-0.00062,0.98067
75.75236,63.2628,7107.0,0.00417,0.00142,0.98129
67.42857,56.84377,11203.0,0.00478,0.0006,0.98026
45.24449,48.37682,11984.0,0.00196,-0.00092,0.97862
56.10745,67.23579,11379.0,0.00485,-0.00135,0.98447
62.30498,58.4564,7328.0,0.00443,0.00204,0.98225
66.66667,51.87814,5021.0,0.00217,-0.00031,0.98026
35.92085,46.85494,5438.0,0.00041,-0.00181,0.97851
18.61386,46.65916,5033.0,-0.00089,-0.00217,0.97844
12.40385,46.5989,4154.0,-0.0005,-0.00216,0.97842
18.25769,47.87527,1290.0,-0.00053,-0.00123,0.97877
24.10359,46.59969,387.0,-0.00056,-0.00145,0.9784
36.64921,46.20322,1671.0,-0.00024,-0.00096,0.97829
41.14833,44.56033,1091.0,-0.00062,-0.0016,0.97785
33.33333,41.78042,3449.0,-0.00042,-0.00187,0.97709
21.96721,41.52195,3802.0,-0.00115,-0.00192,0.97702
28.82353,44.89827,3207.0,-0.00033,-0.00156,0.97766
30.73394,41.64246,2936.0,0.00022,-0.00139,0.97686
35.47855,42.98613,2343.0,-0.00082,-0.00152,0.9771
39.12281,45.58751,3483.0,-0.00025,-0.00158,0.97756
38.01653,41.24424,5716.0,0.00002,-0.00156,0.97658
53.25301,52.70153,8950.0,0.00236,-0.00177,0.97888
31.41083,40.55768,5795.0,0.00151,-0.00229,0.97562
23.00885,36.18037,5037.0,-0.00073,-0.00354,0.97404
14.05665,40.33102,5173.0,-0.00138,-0.00354,0.97498
17.14836,38.93038,5726.0,-0.00052,-0.00233,0.9745
36.80954,44.45909,9639.0,0.0014,-0.00586,0.97577
61.28533,57.49148,20327.0,0.00387,-0.00164,0.97974
79.15418,57.34461,18355.0,0.00446,-0.00072,0.9797
91.44809,69.51482,20038.0,0.00723,-0.00044,0.98547
88.14711,64.12199,14694.0,0.00759,0.00329,0.9839
83.97957,61.01893,6967.0,0.00506,0.00312,0.98295
76.13934,63.92546,5983.0,0.00486,0.00203,0.98441
77.4026,67.10991,5854.0,0.00568,0.00308,0.98616
84.24166,67.34191,2090.0,0.00468,0.00386,0.98629
92.85347,71.00619,695.0,0.0056,0.00338,0.98844
68.44149,59.16513,7707.0,0.00678,0.00155,0.9849
55.49558,61.24197,11574.0,0.00532,-0.00044,0.98595
33.52246,58.07276,9564.0,0.00301,0.00028,0.98491
24.53568,54.02477,7223.0,0.0012,-0.00051,0.98352
17.66409,55.96262,4938.0,0.00068,-0.00095,0.98433
13.68577,53.28899,3327.0,0.00075,-0.00122,0.98344
26.11898,56.66583,2290.0,0.00101,-0.00077,0.98478
37.80675,55.21369,3927.0,0.00105,0.00001,0.98433
58.76089,55.89395,6369.0,0.00212,-0.00086,0.98458
48.71531,52.0246,10178.0,0.0022,-0.00133,0.98345
40.62765,52.11993,9785.0,0.00037,-0.00226,0.98348
39.56044,51.56492,6310.0,-0.00027,-0.00314,0.98333
39.00709,47.57662,5774.0,-0.00002,-0.00191,0.98224
42.86582,52.30618,9327.0,0.00106,-0.00227,0.98353
50.15557,55.03179,9847.0,0.00208,-0.00082,0.98433
70.2262,63.95744,12389.0,0.00487,-0.00156,0.98753
82.24386,66.26935,14372.0,0.00451,0.00055,0.98855
82.18508,61.37709,8405.0,0.00392,0.00112,0.98738
77.69974,60.10349,5756.0,0.00234,0.00086,0.98707
69.50023,60.19009,3181.0,0.00181,0.00112,0.9871
62.99076,61.40038,2837.0,0.00171,0.00086,0.9875
56.47321,60.89895,1937.0,0.00192,0.00102,0.9874
48.53114,60.3649,754.0,0.00133,0.00078,0.9873
38.08725,58.26158,178.0,0.00099,0.00026,0.98692
61.87739,64.56263,1386.0,0.002,0.00008,0.98871
68.7931,62.78436,2137.0,0.00203,0.00139,0.9884
87.60108,66.14117,3950.0,0.00238,0.00054,0.98943
76.78781,62.18832,6414.0,0.00232,0.00022,0.98876
69.98917,60.37957,4631.0,0.0013,0.00015,0.98845
53.61446,60.54,3515.0,0.00113,0.00039,0.98849
34.89655,56.80245,1679.0,0.00082,-0.00007,0.98789
17.92453,52.09847,3021.0,0.00031,-0.00105,0.98708
13.38673,47.13854,5143.0,0.00039,-0.00192,0.98613
13.35283,44.71149,5650.0,-0.00052,-0.00194,0.98563
13.25648,45.20055,6341.0,0.00062,-0.00164,0.98571
19.93834,49.43994,4889.0,0.00063,-0.00139,0.98641
24.76959,46.28149,3914.0,0.00047,-0.00134,0.98584
43.17618,51.09156,4878.0,-0.00002,-0.00186,0.98665
60.99379,55.36763,5003.0,0.00069,-0.0012,0.98745
92.58837,78.79319,11730.0,0.0087,-0.00095,0.99678
91.73314,73.96973,11700.0,0.00832,0.00419,0.99571
89.32271,74.08218,5903.0,0.00743,0.00501,0.99578
83.62138,72.05885,4513.0,0.00556,0.00369,0.99536
84.54984,74.06835,4465.0,0.00471,0.00331,0.99646
80.05269,71.33976,3401.0,0.00461,0.00319,0.99592
77.30901,72.86393,2084.0,0.00385,0.00286,0.99668
68.7434,73.04782,1219.0,0.00344,0.00275,0.99677
77.6699,71.81765,707.0,0.00278,0.00222,0.99656
71.93606,68.48579,2185.0,0.00236,0.0013,0.996
55.15789,69.06876,2386.0,0.00197,0.00123,0.99621
27.15596,60.41997,4229.0,0.00219,-0.00019,0.99471
21.71875,60.49143,5497.0,0.00119,-0.00007,0.99473
21.73913,62.36835,2668.0,0.00074,-0.00001,0.99524
36.27451,64.03771,2824.0,0.00126,0.00035,0.9957
46.4986,62.47134,2497.0,0.00107,0.00017,0.99546
56.38587,65.37665,4081.0,0.00201,0.00005,0.99622
72.73756,71.78955,5109.0,0.00297,0.00051,0.99828
91.44205,81.07849,8312.0,0.0068,0.0007,1.00332
95.02075,81.73769,8541.0,0.00684,0.00386,1.00383
88.99417,74.81684,6762.0,0.00638,0.00352,1.00258
80.76369,73.31053,5194.0,0.00419,0.00193,1.0023
71.80086,72.46383,5102.0,0.00385,0.00192,1.00215
56.29108,63.79062,7638.0,0.00331,0.0,1.00052
42.52809,66.10916,8759.0,0.00335,0.00037,1.00138
50.63052,73.45356,14251.0,0.00449,0.00079,1.00481
74.51798,76.62181,6753.0,0.00666,0.00287,1.00679
90.25889,77.86486,4754.0,0.00604,0.00379,1.00765
90.66667,78.35772,5846.0,0.00518,0.00358,1.00799
92.57749,78.57057,3855.0,0.00503,0.00362,1.00813
90.93149,78.58686,2937.0,0.00375,0.00308,1.00814
86.42473,78.89975,1444.0,0.0035,0.0029,1.00832
77.13383,76.60912,1421.0,0.00312,0.00164,1.00798
65.47619,76.63073,2209.0,0.00256,0.00165,1.00799
71.2,79.39512,1770.0,0.00306,0.0016,1.00933
61.59875,69.37665,4467.0,0.00282,0.00093,1.00782
51.23726,67.90135,5001.0,0.00174,0.00075,1.00758
22.32258,62.39157,4320.0,0.00091,-0.00048,1.00666
20.2781,63.43958,3078.0,0.00061,-0.0001,1.00696
22.02318,63.73155,2797.0,0.00066,-0.0004,1.00704
36.18267,66.01049,4104.0,0.00149,0.0001,1.00766
31.21248,54.32092,5867.0,0.00134,-0.0013,1.0057
36.48649,58.1696,6734.0,0.0003,-0.00124,1.00664
23.53604,54.81625,6024.0,0.00117,-0.00084,1.00601
22.68683,44.96538,5153.0,0.00007,-0.00315,1.0038
14.57399,44.11051,5476.0,-0.0012,-0.00287,1.00358
22.90176,50.62774,5750.0,-0.00069,-0.00288,1.00499
24.92196,36.38297,13883.0,0.00016,-0.00637,1.00062
32.36944,36.23134,15145.0,-0.00134,-0.00712,1.00056
30.30999,34.29582,12335.0,0.00067,-0.00482,0.99981
28.38762,30.88755,10035.0,-0.00178,-0.00517,0.99838
18.73693,29.59523,6300.0,-0.00319,-0.00516,0.9978
8.61921,28.18553,4036.0,-0.00194,-0.00436,0.99716
5.82848,26.35787,2965.0,-0.00336,-0.00499,0.9963
9.23582,30.76879,2835.0,-0.00297,-0.00432,0.99708
14.49438,29.30602,3297.0,-0.00246,-0.00366,0.99648
21.03236,29.23074,298.0,-0.0026,-0.00309,0.99645
30.29316,33.48747,2129.0,-0.00171,-0.00258,0.99714
42.09749,32.0933,1231.0,-0.0014,-0.00198,0.99668
68.70748,32.06186,3438.0,-0.00142,-0.00253,0.99667
81.36364,47.83727,3999.0,0.00112,-0.00206,0.99952
82.79221,45.20394,4817.0,0.00124,-0.00041,0.99886
86.44068,46.9302,3374.0,0.00061,-0.00067,0.99922
76.60819,43.8926,3071.0,0.00063,-0.00045,0.99849
62.13592,39.62925,4277.0,0.00055,-0.00114,0.99737
36.72525,37.18382,6945.0,-0.0001,-0.00187,0.99667
16.88312,30.94769,8301.0,0.00003,-0.00391,0.99456
16.59164,29.76857,7393.0,-0.00187,-0.00449,0.9941
26.67029,36.85139,5589.0,-0.00043,-0.00253,0.99535
33.76978,35.01514,3861.0,-0.00091,-0.00307,0.99475
44.63647,38.60546,6293.0,0.00113,-0.00252,0.9954
59.03457,46.09987,10769.0,0.00082,-0.00289,0.99691
67.59922,46.28803,10643.0,0.00243,0.00002,0.99695
58.29114,39.33387,10679.0,0.00188,-0.00243,0.99508
31.37604,34.23818,5950.0,-0.00062,-0.00287,0.99337
16.2193,36.73069,3191.0,-0.00172,-0.00275,0.99385
12.27974,36.63667,2590.0,-0.00044,-0.00195,0.99382
26.12408,45.41576,2609.0,0.00032,-0.00164,0.99556
48.3531,49.90954,2493.0,0.00103,-0.00032,0.9966
77.89799,49.73892,1016.0,0.00104,0.00026,0.99656
88.64469,46.07057,203.0,0.0004,-0.00096,0.9957
77.82139,46.22046,2902.0,0.0003,-0.00138,0.99573
61.44165,44.95704,1773.0,0.00054,-0.00031,0.99545
59.6424,47.51061,2359.0,0.00077,-0.00039,0.99591
45.71429,42.45468,3611.0,0.00078,-0.00126,0.99482
48.96142,46.52675,3182.0,0.00006,-0.001,0.99554
58.90411,51.34455,2521.0,0.00087,-0.00046,0.99647
76.61169,49.22632,2399.0,0.00083,0.00012,0.99606
64.8449,43.36473,2415.0,0.00056,-0.0012,0.99482
50.0,45.57293,2870.0,-0.00024,-0.00176,0.99521
23.26901,36.61155,4305.0,0.00028,-0.00238,0.99295
20.6661,34.46731,5412.0,-0.00145,-0.00335,0.99229
30.82542,46.50181,5253.0,0.00013,-0.0026,0.99463
42.37652,41.65052,3771.0,0.0001,-0.00181,0.99326
56.6874,43.51444,4798.0,-0.00049,-0.00197,0.99366
34.47712,35.07781,5089.0,-0.00024,-0.00317,0.99088
17.96491,30.71505,6228.0,-0.00165,-0.00439,0.989
7.33453,30.67108,5899.0,-0.00179,-0.00453,0.98898
10.79958,29.09221,5512.0,-0.00245,-0.0047,0.98828
10.98059,27.47258,5138.0,-0.00237,-0.00382,0.98754
15.27778,33.68784,3213.0,-0.00225,-0.00366,0.98869
22.37121,34.32406,3164.0,-0.00109,-0.00252,0.98881
38.7289,32.79037,2600.0,-0.00149,-0.00265,0.98827
42.55583,32.70243,1244.0,-0.00163,-0.00204,0.98824
39.70588,32.26495,112.0,-0.00154,-0.00223,0.9881
40.33486,34.63327,1112.0,-0.001,-0.00147,0.98845
49.64413,35.60887,1215.0,-0.00065,-0.00113,0.98859
61.77686,35.28288,1897.0,-0.00029,-0.00106,0.98851
76.86424,42.22984,3754.0,0.00064,-0.00092,0.98948
82.83133,49.28292,3366.0,0.0013,-0.00022,0.99064
85.52972,47.65291,3977.0,0.00115,-0.00018,0.99034
88.07107,48.69462,2967.0,0.00104,0.00021,0.99051
88.91213,59.07447,3582.0,0.00265,0.00029,0.99251
90.04329,62.33525,4912.0,0.00326,0.00154,0.9933
87.36921,60.48484,6445.0,0.0024,-0.00007,0.99302
71.52174,55.57042,6598.0,0.00365,0.00098,0.99225
64.77524,60.61316,4365.0,0.00207,0.00006,0.99337
61.20888,61.78778,5787.0,0.0024,0.00058,0.99365
68.00987,60.25814,5453.0,0.00224,0.0006,0.99343
71.23535,63.1344,5313.0,0.00248,0.00113,0.99407
64.67931,59.35337,6508.0,0.00292,0.00049,0.99355
33.73349,32.48302,14499.0,0.00204,-0.00578,0.98692
18.30494,33.02798,8237.0,-0.00248,-0.00492,0.98703
10.23703,30.8,8182.0,0.00065,-0.00503,0.98612
16.35262,40.66371,3324.0,-0.00174,-0.00421,0.98819
23.38569,40.97195,3182.0,-0.00115,-0.0021,0.98826
34.51693,39.44961,2421.0,-0.00109,-0.0021,0.98778
38.15058,38.16929,795.0,-0.00121,-0.00189,0.98738
43.61327,38.2778,3149.0,-0.00084,-0.00181,0.9874
40.63429,38.39492,1161.0,-0.00074,-0.0017,0.98742
46.80484,40.17801,1112.0,-0.00067,-0.00137,0.98771
59.49367,46.06768,3745.0,0.00018,-0.00115,0.98872
83.33333,46.5195,2901.0,0.00029,-0.00047,0.9888
93.1746,49.82113,3521.0,0.00092,-0.00084,0.98938
85.49932,49.3094,3025.0,0.00116,0.00035,0.98929
68.38791,44.47097,2705.0,0.00062,-0.00081,0.98841
52.98103,46.59966,3036.0,0.00055,-0.00042,0.98874
33.2838,43.99731,3150.0,0.00024,-0.00083,0.98827
36.54391,45.05813,3924.0,-0.00008,-0.00153,0.98842
53.91813,54.77232,6634.0,0.00184,-0.00093,0.98999
75.8,57.42159,3143.0,0.00148,-0.00042,0.9905
82.96164,54.95975,3821.0,0.00195,0.00019,0.99014
77.54056,52.45572,4702.0,0.00127,-0.00062,0.98977
73.44435,57.19515,8330.0,0.00128,-0.00103,0.9906
60.98266,49.69481,7874.0,0.00202,-0.00068,0.98944
35.76159,39.56719,5808.0,0.00028,-0.00194,0.98735
16.89572,40.07362,6055.0,-0.00032,-0.0025,0.98743
13.18608,37.20282,4195.0,-0.00099,-0.00273,0.98675
24.248,44.93308,2930.0,0.00064,-0.00264,0.98798
24.21466,47.81844,20887.0,0.00907,-0.0012,0.98849
16.17647,29.37722,13923.0,0.00277,-0.00545,0.98285
7.68521,26.5812,6398.0,-0.00335,-0.00552,0.98143
2.04465,27.162959999999998,3634.0,-0.00435,-0.00468,0.98154
1.30772,27.07844,2230.0,-0.00224,-0.00416,0.9815
2.08927,26.80732,1559.0,-0.00301,-0.00383,0.98138
6.15058,31.2796,2452.0,-0.00218,-0.00345,0.9821
24.21194,37.11855,3894.0,-0.0003,-0.00226,0.98311
59.118,35.84453,3528.0,-0.00012,-0.00142,0.98272
64.97748,36.98603,2061.0,-0.00055,-0.00145,0.98291
68.69369,40.20129,1331.0,-0.00022,-0.00104,0.98344
63.70558,37.10535,1819.0,-0.00006,-0.00119,0.98264
41.91083,32.1732,2892.0,-0.00067,-0.00231,0.98117
17.24754,25.26746,6437.0,-0.00127,-0.0053,0.97838
11.60981,22.2781,7611.0,-0.00275,-0.00565,0.97677
10.18601,19.98691,5783.0,-0.00382,-0.00606,0.97533
10.54054,18.80818,5229.0,-0.00427,-0.00694,0.97452
11.25654,17.98538,5152.0,-0.00392,-0.00553,0.97394
14.82255,18.97843,10671.0,-0.00201,-0.00507,0.97409
18.96458,21.45126,10065.0,-0.00166,-0.00429,0.97445
48.90909,42.86223,11038.0,0.00156,-0.00366,0.97853
56.90276,35.79045,9151.0,0.00112,-0.0023,0.9758
50.7177,33.61183,4888.0,-0.00027,-0.00267,0.97481
28.48551,33.41153,3352.0,-0.00144,-0.00241,0.97472
22.01729,36.29059,2900.0,-0.00098,-0.0024,0.97535
20.485,35.73269,2392.0,-0.00025,-0.00154,0.97514
22.14171,35.28496,1126.0,-0.00101,-0.00146,0.97498
24.7807,34.92936,1629.0,-0.0009,-0.00146,0.97486
34.39878,36.4895,1515.0,-0.00022,-0.00167,0.97513
37.69363,35.69961,1113.0,-0.00057,-0.00104,0.9749
46.54867,38.15873,2948.0,0.00031,-0.00097,0.97529
63.29527,44.57649,3304.0,0.00086,-0.00097,0.97638
79.57746,46.18615,4034.0,0.00123,0.00013,0.97667
89.98748,49.68015,2461.0,0.00126,0.00055,0.97731
92.18911,56.1395,2608.0,0.0024,0.00076,0.97865
83.3935,50.29376,3616.0,0.00245,0.00089,0.97753
71.96339,52.76753,5760.0,0.00281,0.00046,0.97805
45.80864,44.97935,7141.0,0.00178,-0.00108,0.97638
38.26087,49.83082,7588.0,0.00152,-0.00045,0.97739
35.78059,50.53259,4730.0,0.00214,0.00021,0.97754
59.40928,57.56357,3981.0,0.00236,0.00007,0.97918
69.88042,59.53897,8098.0,0.00355,0.0009,0.9797
87.98969,72.75152,13774.0,0.00647,-0.0035,0.9847
88.26011,76.07001,16499.0,0.00835,0.00416,0.98666
92.81451,83.15634,14493.0,0.0124,0.00437,0.99291
85.95594,70.83137,10222.0,0.01058,0.00596,0.98952
85.51797,73.33231,7677.0,0.00768,0.00475,0.9915
81.62669,74.32016,5355.0,0.00755,0.00612,0.99232
88.48181,77.13945,6032.0,0.00835,0.00489,0.99484
91.01707,78.38409,4523.0,0.00872,0.00651,0.99606
94.29612,77.93197,1442.0,0.00727,0.00653,0.99594
72.33364,64.41445,3188.0,0.00346,0.00104,0.99191
53.94541,65.90866,3258.0,0.0045,0.0016,0.99285
34.96465,66.57189,3525.0,0.00425,0.00237,0.99326
41.75885,65.79401,5046.0,0.00324,0.00096,0.99303
52.51397,67.11523,3390.0,0.00269,0.00152,0.99376
60.45802,67.11523,3054.0,0.00291,0.00095,0.99376
73.82353,67.35846,2196.0,0.00237,0.00169,0.99388
70.91837,68.4945,3193.0,0.00326,0.00153,0.99442
64.11582,66.45296,2939.0,0.00232,0.00138,0.99398
45.24291,61.07456,6443.0,0.00215,-0.00016,0.99278
63.46457,72.74455,7966.0,0.00555,-0.00096,0.99864
70.8657,72.38349,8395.0,0.00655,0.00389,0.99855
78.23276,70.73531,6275.0,0.00483,0.00323,0.99816
70.71801,70.55681,5184.0,0.00375,0.00226,0.99812
71.39984,71.75376,6076.0,0.00307,0.00086,0.99874
71.56673,73.00039,8542.0,0.0036,0.00133,0.99939
69.33415,70.21153,10052.0,0.00397,0.00148,0.99885
70.8986,72.81585,10070.0,0.00314,0.001,1.0001
74.08333,70.57007,6423.0,0.00278,0.00137,0.99968
85.85627,75.45218,4445.0,0.0045,0.00123,1.00218
89.88685,76.9594,2750.0,0.00429,0.00308,1.00309
91.76928,74.61423,2351.0,0.004,0.00313,1.00266
85.57047,71.27628,2336.0,0.00334,0.0021,1.00205
75.46898,71.36727,753.0,0.00237,0.00181,1.00209
59.16824,69.28665,465.0,0.00164,0.00105,1.00174
42.28856,69.22418,1393.0,0.00167,0.00098,1.00173
35.47826,71.98751,1973.0,0.00226,0.00068,1.00274
34.72222,63.7592,4235.0,0.00185,0.00016,1.0014
28.20097,60.25153,2141.0,0.00064,-0.00022,1.00077
15.46243,62.18338,1602.0,0.0005,-0.00034,1.00131
12.90743,57.99861,1654.0,0.00053,-0.00057,1.00057
10.71849,52.65534,2476.0,0.00004,-0.00117,0.99954
7.10723,54.16538,2952.0,0.00019,-0.00105,0.99988
19.45137,54.35094,4991.0,-0.00007,-0.0018,0.99992
23.41697,45.93898,7498.0,0.00037,-0.00233,0.99825
48.04413,55.31545,5782.0,0.00016,-0.00303,1.00034
54.30157,51.3028,5314.0,0.00038,-0.00079,0.99947
73.8657,52.87771,3606.0,0.00091,-0.00109,0.99984
63.87154,50.5788,5295.0,0.0002,-0.00144,0.99936
67.10526,53.32664,4851.0,0.00049,-0.00079,0.99996
72.87645,58.08184,5849.0,0.00116,-0.00027,1.00109
87.5,72.74837,10443.0,0.00627,0.00002,1.0066
92.92075,76.24539,6221.0,0.00727,0.0039,1.00874
93.35559,76.38346,3229.0,0.00628,0.00485,1.00883
86.5223,66.63899,6381.0,0.00602,0.00247,1.00674
79.44775,67.72736,5567.0,0.00357,0.00127,1.00725
65.55998,67.26124,4308.0,0.0037,0.00238,1.00715
57.60423,67.62334,683.0,0.0027,0.00199,1.0073
43.026,67.30078,3877.0,0.00225,0.0016,1.00724
55.0173,69.43308999999999,1891.0,0.00283,0.00146,1.00805
48.18653,60.55983,3009.0,0.00227,0.00041,1.00637
39.85056,60.11398,3971.0,0.00145,0.00005,1.00628
37.00265,65.732,3252.0,0.00211,0.0001,1.00813
48.0344,61.0491,4573.0,0.0025,0.00067,1.0072
53.72781,59.61438,2572.0,0.0009,0.00003,1.00691
36.87215,59.14705,3793.0,0.00084,-0.00013,1.00682
23.977899999999998,54.18725,3355.0,0.00064,-0.00077,1.00585
21.19914,56.54753,4779.0,0.00078,-0.00053,1.00643
25.58887,58.5803,8534.0,0.00207,-0.00016,1.00694
26.50376,47.87584,7758.0,0.00089,-0.00219,1.00469
25.15924,47.33445,6843.0,-0.00064,-0.00257,1.00456
26.13406,51.32507,6045.0,0.00053,-0.00137,1.00543
30.92917,49.19009,5962.0,-0.00009,-0.00169,1.00497
27.76673,40.764,9323.0,-0.00029,-0.00308,1.00286
18.84817,37.37804,9923.0,-0.00077,-0.00374,1.00183
16.94915,42.27021,14840.0,0.00411,-0.00333,1.0028
24.38786,46.38665,8982.0,0.00084,-0.00164,1.00368
25.87196,42.74686,5150.0,0.00011,-0.00193,1.00271
21.55689,37.89796,6205.0,-0.00065,-0.00338,1.00125
13.69048,35.01016,5863.0,-0.00178,-0.00398,1.00027
15.15023,38.87196,5372.0,-0.00139,-0.00278,1.00102
22.65356,39.75107,2360.0,-0.00111,-0.00197,1.00119
36.41892,39.2475,1540.0,-0.00129,-0.00191,1.00105
54.23143,43.97089,1636.0,-0.00033,-0.00146,1.00191
68.99563,44.99445,3345.0,0.0004,-0.0008,1.0021
83.11688,46.60728,4299.0,0.00056,-0.00046,1.00239
67.53425,43.33231,4638.0,0.00025,-0.00124,1.0017
69.73294,48.60542,2913.0,0.00063,-0.00081,1.00263
74.92063,49.9614,2439.0,0.00053,-0.00006,1.00288
89.05325,53.12344,3656.0,0.0013,0.00007,1.00347
80.67332,51.39409,4490.0,0.00166,0.00022,1.00318
44.05204,36.32906,6301.0,0.00091,-0.00259,0.99977
20.42616,34.25554,7475.0,-0.00037,-0.00315,0.99912
4.22912,26.65011,6986.0,-0.00179,-0.00502,0.99612
10.0527,25.33008,6668.0,-0.00325,-0.00654,0.99547
10.10843,23.36283,5971.0,-0.00358,-0.00582,0.99445
14.59075,26.28161,5101.0,-0.00356,-0.00455,0.99493
52.59334,70.38994,14884.0,0.01534,-0.00643,1.01226
80.17177,74.36024,18373.0,0.01388,0.0081,1.0164
93.57668,75.82752,16878.0,0.01344,0.00912,1.01813
97.45074,74.07552,11620.0,0.01128,0.00786,1.01747
92.20321,66.01401,7953.0,0.00969,0.00497,1.01425
85.66595,67.86146,7543.0,0.00714,0.00522,1.01582
80.27229,70.4241,4164.0,0.00787,0.00537,1.01813
84.13174,72.04445,3676.0,0.00808,0.00615,1.01968
91.52154,73.19406,5521.0,0.0092,0.00654,1.0208
83.31258,69.88607,3369.0,0.00675,0.00554,1.01961
70.62051,68.6434,3177.0,0.00577,0.00417,1.01917
51.26316,66.68729,5718.0,0.00442,0.00235,1.0185
27.78761,61.39711,7510.0,0.00357,0.00089,1.01663
29.42761,65.79815,5320.0,0.00385,0.00062,1.01943
38.76131,63.04503,4761.0,0.00323,0.00185,1.01844
67.85714,64.33508,3998.0,0.00267,0.00102,1.01923
77.83467,68.37697,6152.0,0.00482,0.00144,1.0219
83.10976,67.87758,6839.0,0.00538,0.00271,1.02174
85.21058,71.69832,8704.0,0.00633,0.00211,1.02447
87.64045,74.74938,9220.0,0.00724,0.00247,1.0270299999999999
93.36715,74.37614,9256.0,0.00606,0.00296,1.02692
87.12361,69.71377,10343.0,0.00622,0.00365,1.02556
86.40534,74.26317,7455.0,0.00667,0.00265,1.0291
86.62001,76.26025,7009.0,0.00742,0.00443,1.03093
91.91205,76.55108,8932.0,0.00743,0.00524,1.0312
77.67191,68.2632,10841.0,0.00682,0.00106,1.02873
78.01858,73.24367,13473.0,0.00614,0.00094,1.03265
80.0,73.98822,9076.0,0.00637,0.00373,1.03331
95.94655,75.0153,5229.0,0.00604,0.00444,1.03421
95.4823,76.67799,4385.0,0.00644,0.0043,1.03571
97.2148,77.24666,5359.0,0.00595,0.00444,1.03623
95.39838,75.48283,5956.0,0.00501,0.0036,1.03577
89.10329,73.77687,1837.0,0.00413,0.00343,1.03534
52.26608,60.88128,1270.0,0.00236,-0.00035,1.03162
28.76205,62.90186,4357.0,0.00152,-0.00046,1.03269
22.32747,64.01225,6395.0,0.00153,0.00027,1.03328
30.97902,62.20048,8251.0,0.00281,-0.00007,1.03275
33.59193,61.63,5900.0,0.00082,-0.00061,1.03259
31.93133,61.86681,4797.0,0.00112,-0.0001,1.03269
26.7642,56.39914,4040.0,0.00056,-0.00163,1.03124
16.66667,52.29042,4986.0,-0.00057,-0.00207,1.03005
27.41573,58.91212,5098.0,0.00076,-0.0019,1.03248
47.44409,59.66092,6537.0,0.00081,-0.00085,1.03278
82.35294,63.69837,9304.0,0.00266,0.0001,1.03447
64.39127,52.8482,8285.0,0.00223,-0.00142,1.03127
39.65619,47.43242,7401.0,-0.00003,-0.00307,1.02929
15.19582,45.20209,5734.0,-0.00191,-0.00383,1.02841
35.33731,57.52128,7393.0,0.00199,-0.00449,1.03342
51.731700000000004,53.27408,10463.0,0.00192,-0.00093,1.03178
69.44317,52.1548,10318.0,0.00104,-0.00187,1.03134
72.35091,55.95935,9942.0,0.0018,-0.00055,1.03301
78.72849,57.19582,7796.0,0.00305,0.00042,1.03357
81.32256,57.19582,5586.0,0.00263,0.00094,1.03357
83.00996,61.19184,3777.0,0.00277,0.00067,1.03532
85.86887,61.23665,2969.0,0.00277,0.00154,1.03534
73.17784,53.01471,3369.0,0.00247,-0.0002,1.03286
39.73451,52.12808,2103.0,0.00034,-0.00045,1.03257
3.96135,50.98144,946.0,0.00012,-0.00066,1.03221
3.98936,50.1842,2525.0,0.00003,-0.0012,1.03197
8.28548,49.9024,3450.0,-0.0001,-0.00132,1.03189
16.33803,50.12993,5327.0,0.00032,-0.00131,1.03195
26.63379,50.57575,4465.0,0.00029,-0.00091,1.03206
43.0127,50.39826,3580.0,-0.00003,-0.00104,1.03202
50.49702,50.86527,2918.0,-0.00004,-0.00073,1.03212
66.48649,55.78131,3316.0,0.00103,-0.00052,1.03321
80.11527,59.11511,3929.0,0.00168,0.00006,1.03403
89.14975,75.50844,10133.0,0.00796,0.00004,1.04075
89.59831,75.52426,9406.0,0.00687,0.00453,1.04076
87.36877,72.04542,6734.0,0.00533,0.00327,1.04007
87.76167,76.61224,7577.0,0.00717,0.00289,1.04277
82.41222,69.13501,6512.0,0.00641,0.00367,1.04112
73.98374,67.44938,6569.0,0.00378,0.00202,1.04073
58.62069,73.15774,14457.0,0.00949,0.0006,1.04387
36.4837,59.36511,15498.0,0.00564,-0.00076,1.04003
24.6571,50.75367,14751.0,0.00232,-0.00246,1.03684
11.13064,51.49441,10046.0,0.00065,-0.00227,1.03715
14.64133,54.66392,7754.0,0.00032,-0.00351,1.03848
15.60879,38.96472,14882.0,0.00158,-0.008,1.03091
33.09927,50.25133,16632.0,-0.00059,-0.00917,1.03643
44.61814,48.38982,9784.0,0.00083,-0.00165,1.03537
64.81428,47.21017,3483.0,-0.0008,-0.00232,1.03471
62.80916,46.79819,1214.0,-0.00111,-0.00218,1.03449
66.42336,49.48958,3729.0,-0.0001,-0.00226,1.03573
60.84677,46.83977,6444.0,0.00017,-0.00239,1.03445
58.16146,46.64951,8515.0,-0.00073,-0.00265,1.03436
52.57009,54.13879,7634.0,0.00269,-0.00189,1.0377
56.89293,48.88574,5107.0,0.00188,-0.00066,1.03534
49.16963,47.1632,5181.0,-0.0001,-0.00196,1.03452
47.15302,53.33291,6439.0,0.00191,-0.00187,1.03736
60.53119,54.3496,5544.0,0.00247,0.00036,1.03786
81.59912,59.04702,8531.0,0.00464,0.00069,1.04029
83.42884,59.62125,8629.0,0.00471,0.00142,1.0406
87.07566,62.21344,6240.0,0.00453,0.00242,1.042
87.30753,63.67507,6173.0,0.00516,0.00284,1.04281
82.79765,60.07016,6082.0,0.00406,0.00202,1.04165
72.4359,60.71408,6113.0,0.00329,0.00138,1.04196
47.39336,52.26142,10069.0,0.00283,-0.00103,1.03909
31.60047,51.53027,11830.0,0.00167,-0.00211,1.03882
29.80501,55.45596,9969.0,0.00102,-0.00223,1.04039
38.0531,52.68807,6385.0,0.00176,-0.00041,1.03945
39.41035,49.63322,4837.0,0.00054,-0.0022,1.03838
28.04361,45.10547,4850.0,-0.00034,-0.0035,1.03667
37.17184,52.22849,4439.0,0.00026,-0.00234,1.03925
53.5284,53.59385,5120.0,0.00136,-0.00082,1.03979
72.59615,52.48047,2369.0,0.00076,-0.00024,1.03942
76.84543,52.25796,1906.0,0.00047,-0.00049,1.03935
75.97403,52.22369,1877.0,0.00062,-0.00007,1.03934
62.70417,49.74984,3229.0,0.00038,-0.00059,1.03864
39.48296,46.70262,4082.0,0.00019,-0.00152,1.03775
17.71084,44.2607,4198.0,-0.00067,-0.00244,1.03701
23.47041,45.01825,3886.0,-0.00105,-0.00247,1.03719
28.38944,44.68926,3076.0,-0.00012,-0.00127,1.0371
41.53992,48.83038,4017.0,0.00011,-0.00137,1.03802
59.67904,52.00396,3988.0,0.00098,-0.00059,1.03877
81.54463,54.10102,6148.0,0.00107,-0.00144,1.03928
73.80282,50.97834,7827.0,0.0022,0.00003,1.03862
46.71533,42.05367,6498.0,0.00056,-0.00248,1.03638
17.05475,34.58634,6269.0,-0.00054,-0.00397,1.03383
14.25,38.39699,7162.0,-0.002,-0.00439,1.03465
13.96435,34.68633,8702.0,-0.00106,-0.00445,1.03326
13.267,30.10591,11391.0,-0.00047,-0.00474,1.03124
18.92369,39.85941,9172.0,-0.00065,-0.00496,1.03353
28.87029,38.24362,9352.0,-0.00014,-0.00304,1.03289
53.15917,42.32022,6531.0,-0.00067,-0.00304,1.03392
67.59076,46.41278,6536.0,0.00074,-0.00125,1.03502
83.91566,51.68011,3780.0,0.00178,-0.00035,1.03658
90.04199,50.98408,3055.0,0.00153,0.00056,1.03638
93.41787,52.64241,3609.0,0.00135,0.0002,1.03686
90.95665,51.08219,1221.0,0.00126,0.00072,1.03646
88.22967,50.67542,2993.0,0.00066,0.00011,1.03636
69.90881,49.56375,2333.0,0.00082,0.00019,1.0361
65.13944,53.94207,2842.0,0.0014,-0.0003,1.03714
56.53924,52.24143,5176.0,0.00167,0.00005,1.03678
60.20408,52.24143,4367.0,0.0016,0.00025,1.03678
61.77249,58.58393,3373.0,0.00258,0.00021,1.03827
49.43567,49.99175,3150.0,0.00181,-0.00039,1.03649
44.9692,52.89311,3358.0,0.0006,-0.00041,1.03718
36.14331,54.50918,4008.0,0.00094,-0.00078,1.03757
45.88745,54.40548,6048.0,0.00174,-0.00015,1.03755
43.65005,45.65538,8557.0,0.00113,-0.00246,1.03569
54.07292,55.86672,6619.0,0.00272,-0.00204,1.03816
53.20132,50.61128,4518.0,0.00127,-0.00085,1.0369
55.65863,49.52965,5060.0,0.00115,-0.0005,1.03663
43.16636,47.53249,4510.0,0.00189,-0.00097,1.03614
38.03089,48.98774,6302.0,0.00195,-0.00106,1.03646
24.82584,38.16507,7646.0,0.00075,-0.00322,1.03344
35.6231,50.13831,7341.0,0.00049,-0.00366,1.03647
36.41488,44.99816,4799.0,0.00111,-0.00186,1.03482
37.30028,40.92156,4233.0,-0.00073,-0.00266,1.03334
20.64632,40.28048,3210.0,-0.00158,-0.00274,1.0331
13.13131,39.52582,2399.0,-0.00159,-0.00296,1.03283
12.35805,38.54077,3264.0,-0.0013,-0.00245,1.03249
13.68195,36.92799,1747.0,-0.00166,-0.00287,1.03194
18.10036,38.6965,143.0,-0.00147,-0.0019,1.03229
40.5,42.53665,2909.0,-0.00049,-0.00149,1.03306
47.43202,37.68732,3754.0,-0.00021,-0.00239,1.0316
44.50331,36.39428,5261.0,-0.00131,-0.00315,1.03118
16.53386,30.12852,4434.0,-0.00136,-0.00373,1.02883
20.40486,36.75434,2540.0,-0.00197,-0.00341,1.03015
12.40627,31.73983,3496.0,-0.00125,-0.00396,1.02812
18.99932,32.28218,4165.0,-0.00279,-0.00391,1.02823
10.43257,27.32213,4488.0,-0.00169,-0.00466,1.02591
10.88083,26.57844,5304.0,-0.00236,-0.00468,1.02552
7.11634,26.51829,6389.0,-0.00177,-0.00399,1.02549
6.19785,21.58013,6158.0,-0.00227,-0.00556,1.02269
11.02227,28.39046,4987.0,-0.00325,-0.00496,1.02401
13.62559,27.31952,4125.0,-0.00236,-0.00379,1.02346
23.08188,29.97308,5334.0,-0.00208,-0.00374,1.02397
39.38679,37.13943,6069.0,-0.00079,-0.00315,1.02544
64.64738,37.88892,7603.0,-0.00061,-0.00241,1.0256
70.84608,33.48294,6157.0,0.00032,-0.00203,1.02397
50.8016,32.94819,4258.0,-0.00057,-0.00245,1.02376
28.17932,31.64459,3748.0,-0.0015,-0.00303,1.02326
27.52613,33.02257,3138.0,-0.00066,-0.00201,1.0235
32.41895,35.65729,3442.0,-0.00004,-0.00139,1.02395
44.8244,37.20348,3554.0,-0.00012,-0.00156,1.02421
57.82748,36.72544,1362.0,-0.00042,-0.00098,1.02408
67.31572,37.0624,1695.0,-0.00033,-0.00072,1.02413
69.71714,39.7726,1543.0,0.00006,-0.00058,1.02452
78.94737,45.21201,3095.0,0.0008,-0.00049,1.02535
81.93457,49.44335,4118.0,0.00195,0.00024,1.02606
84.34886,51.82756,3982.0,0.00149,0.0007,1.02648
78.94737,49.71114,2648.0,0.0015,0.00076,1.02613
77.58007,49.21351,2362.0,0.00091,0.00039,1.02605
61.03226,44.94832,3183.0,0.0008,-0.00081,1.02535
39.04494,41.49743,3320.0,0.00066,-0.00063,1.02473
44.02985,53.12955,4203.0,0.00132,-0.00086,1.02658
59.47631,56.14236,7444.0,0.00246,-0.00036,1.02717
70.21277,54.34634,6564.0,0.00274,0.00032,1.02689
69.2691,59.99156,4006.0,0.00281,0.00051,1.02803
62.87703,53.51459,4715.0,0.0028,-0.00013,1.027
60.25337,54.29312,4227.0,0.00074,-0.00082,1.02715
39.523,47.91753,5522.0,0.00132,-0.00042,1.02605
30.80439,50.65668,6349.0,0.00056,-0.00098,1.02653
41.36029,59.38299,6912.0,0.00219,-0.00032,1.02834
56.69437,54.53419,4580.0,0.00169,-0.0001,1.0275
81.20035,62.7357,2583.0,0.00241,-0.00006,1.02959
87.35632,65.77576,2782.0,0.00315,0.00129,1.03054
88.98365,60.28001,2206.0,0.00263,0.00111,1.02956
83.4404,61.96621,2555.0,0.00221,0.00114,1.03004
78.60049,62.646209999999996,1895.0,0.00209,0.00137,1.03023
81.40496,63.24569,157.0,0.00167,0.00128,1.03039
86.39366,65.73997,1476.0,0.00196,0.00112,1.03106
68.9759,62.06251,2096.0,0.00282,0.00107,1.03052
61.87767,64.34339,4266.0,0.00179,0.00048,1.03109
62.95302,68.98587,2788.0,0.00252,0.00084,1.0324
70.82749,63.2016,2384.0,0.0022,0.001,1.03155
75.27322,63.82022,1790.0,0.0013,0.00064,1.03171
73.42569,67.55064,2548.0,0.00237,0.00068,1.03272
80.24096,68.991,2780.0,0.00252,0.00111,1.03314
85.44892,72.70925,4474.0,0.00333,0.00125,1.03433
56.50096,54.86252,5557.0,0.00281,-0.00043,1.03135
47.85077,59.16241,4510.0,0.00101,-0.00146,1.03253
30.19694,52.95627,3564.0,0.00093,-0.00193,1.03119
40.82174,55.9452,2804.0,0.00086,-0.00087,1.03199
43.10345,57.1973,3601.0,0.00122,-0.00026,1.03233
59.60729,60.28991,7675.0,0.0021,-0.00022,1.03319
78.84161,70.17192,8715.0,0.00489,0.00004,1.03683
88.22938,71.86008,9627.0,0.00504,0.00105,1.03764
84.33036,65.51262,4641.0,0.00409,0.00176,1.03636
77.34781,65.61545,3746.0,0.00319,0.00152,1.0364
73.96266,68.23194,3599.0,0.00331,0.00131,1.03742
81.52763,73.83564,10347.0,0.00509,0.00128,1.04007
90.14925,74.18928,5054.0,0.00421,0.00301,1.04026
89.08517,69.77971,2248.0,0.00375,0.00275,1.03944
83.86872,69.8979,766.0,0.00306,0.00225,1.03949
84.85264,74.77187,2793.0,0.00423,0.00205,1.04177
87.60921,73.30557,3334.0,0.0037,0.00227,1.04151
93.71125,75.00098,4084.0,0.00369,0.00232,1.04234
91.04909,76.6646,2726.0,0.00412,0.00232,1.0432
94.22468,79.08421,3016.0,0.00462,0.00289,1.04458
94.32314,79.18587,2744.0,0.00404,0.00237,1.04464
85.76865,71.41497,3036.0,0.00348,0.00217,1.0434
68.93465,69.27674,3593.0,0.00243,0.00152,1.04304
36.09467,61.46781,4580.0,0.00251,0.00005,1.04163
17.49556,56.38887,5428.0,0.00075,-0.00134,1.04059
20.43682,60.92876,4594.0,0.00112,-0.00084,1.04194
26.69014,54.59,5204.0,0.00162,-0.00204,1.04055
36.17162,54.19452,4340.0,-0.0003,-0.00299,1.04046
43.17585,57.04157,3939.0,0.00024,-0.00138,1.04122
61.49312,60.72963,4813.0,0.00122,-0.00055,1.04228
78.27004,60.30632,4291.0,0.00128,0.00011,1.0422
77.35043,53.9418,4350.0,0.00099,-0.00095,1.04095
62.6634,52.78313,2709.0,0.00017,-0.00109,1.04071
43.33996,53.59305,1957.0,-0.00029,-0.00105,1.04089
25.09225,51.82739,789.0,-0.00011,-0.00102,1.04056
31.67785,55.57512,942.0,0.0002,-0.00075,1.04134
45.99359,55.51513,1435.0,0.00024,-0.00059,1.04133
67.68293,53.57318,1721.0,0.00017,-0.00036,1.04102
71.53652,52.48252,247.0,-0.00015,-0.00096,1.04085
57.58355,51.94341,991.0,-0.00011,-0.00042,1.04077
52.27273,50.53744,3098.0,0.00014,-0.00139,1.04057
58.51703,53.21273,4509.0,0.00052,-0.00063,1.04096
66.72504,54.2439,2913.0,0.00059,-0.00018,1.04111
79.86907,57.8037,2426.0,0.00073,-0.00063,1.04164
80.47809,60.91169,3191.0,0.00168,0.00038,1.04214
65.59803,52.3846,3161.0,0.001,-0.0005,1.04112
57.84431,57.94912,2865.0,0.00096,-0.00061,1.04201
36.84913,50.23198,4607.0,0.00096,-0.00041,1.04093
49.7191,57.78793,5593.0,0.00138,-0.00063,1.04227
33.44156,42.50248,5625.0,0.0017,-0.00288,1.03934
51.58451,52.45351,4820.0,0.001,-0.00207,1.04148
37.04512,43.15289,3529.0,0.00062,-0.002,1.03902
29.77099,39.59718,4337.0,-0.00068,-0.00286,1.03787
13.17221,37.72318,5889.0,-0.00166,-0.00387,1.03723
22.16274,42.21357,5796.0,-0.00085,-0.00426,1.0382
46.63239,51.86532,5206.0,0.00086,-0.0022,1.04069
68.49538,49.83724,4695.0,0.00125,-0.00075,1.04013
86.36364,51.55946,3351.0,0.00094,-0.00016,1.0406
84.91784,49.78651,2930.0,0.0006,-0.00033,1.04015
87.92079,53.6963,5221.0,0.00126,-0.00033,1.04117
83.85726,52.2278,1953.0,0.00112,0.00033,1.04083
61.61504,44.64213,759.0,0.00099,-0.00158,1.03888
28.34008,40.34496,1212.0,-0.0018,-0.0029,1.03756
10.09615,37.75039,2323.0,-0.00118,-0.00274,1.0366900000000001
14.88178,42.87395,3615.0,-0.00069,-0.0025,1.03781
12.52247,34.63049,4955.0,-0.00042,-0.00434,1.03482
24.29907,39.90538,4357.0,-0.00161,-0.0038,1.0360800000000001
25.87322,38.33614,2822.0,-0.00162,-0.00263,1.03549
42.17527,41.38348,2517.0,-0.00122,-0.00238,1.03621
35.209,38.14966,2953.0,-0.00095,-0.0025,1.03507
51.49648,46.4592,3239.0,0.00033,-0.00236,1.03716
59.28637,47.30324,5163.0,0.0013,-0.00018,1.03739
90.17694,64.51085,8675.0,0.00589,-0.00144,1.04392
91.2288,66.09065,6821.0,0.00653,0.00418,1.04478
94.72123,70.46324,5585.0,0.0079,0.00359,1.04742
89.30295,70.16621,6212.0,0.00839,0.00591,1.04734
85.9542,70.00636,5558.0,0.00558,0.00373,1.0473
74.87624,65.97641,5598.0,0.00494,0.00168,1.04631
53.57675,54.59339,7746.0,0.00351,-0.00058,1.043
18.62745,46.32687,7882.0,0.00101,-0.00328,1.03984
8.62008,43.35601,5367.0,-0.00159,-0.00419,1.03852
5.61014,40.10544,6075.0,-0.00229,-0.00428,1.03698
4.83718,38.38464,4054.0,-0.00311,-0.00479,1.03613
2.24503,34.01356,2473.0,-0.0031,-0.00575,1.03378
3.99419,33.62522,2520.0,-0.00458,-0.00559,1.03356
6.7049,35.08506,1672.0,-0.00373,-0.00458,1.03396
14.98843,35.84931,1298.0,-0.00317,-0.00384,1.03416
25.18629,36.61729,1969.0,-0.0023,-0.00304,1.03435
35.82555,35.83457,2033.0,-0.0015,-0.00258,1.03403
59.65978,43.73376,5133.0,-0.00022,-0.00306,1.03597
65.71798,40.73724,3407.0,-0.00007,-0.00141,1.0349
80.50847,50.88962,4589.0,0.00184,-0.00176,1.03788
85.99419,54.87979,3140.0,0.00256,0.00063,1.0393
92.04478,52.81723,3129.0,0.00218,0.00087,1.03867
73.48033,44.79764,5120.0,0.00199,-0.00174,1.0359
63.8009,51.30395,6586.0,0.00162,-0.00183,1.03815
56.63524,51.68779,7498.0,0.00197,-0.00221,1.03829
60.30075,46.54888,6273.0,0.00157,-0.00159,1.03648
60.35826,51.64225,4478.0,0.00202,-0.00096,1.03825
60.54902,51.67044,4184.0,0.00114,-0.00071,1.03826
68.7011,49.4234,4351.0,0.00089,-0.00148,1.03754
40.12987,38.16172,8480.0,0.00161,-0.00437,1.03303
24.91676,41.12631,8390.0,-0.00169,-0.00385,1.03395
26.13065,46.22622,8876.0,0.00101,-0.00242,1.03563
40.47368,45.94391,6765.0,-0.00034,-0.00309,1.03552
42.81768,42.11877,4934.0,-0.00036,-0.00227,1.03401
34.73054,41.57247,3660.0,-0.00095,-0.00276,1.03379
20.60875,39.02978,4044.0,-0.00064,-0.00292,1.03277
16.4956,38.47985,3432.0,-0.00172,-0.0028,1.03255
15.781,40.06018,1337.0,-0.00152,-0.00209,1.03293
21.4,39.36824,3306.0,-0.00105,-0.00202,1.03269
23.63636,38.43919,1231.0,-0.00101,-0.00211,1.03238
46.1837,46.89218,3393.0,0.0003,-0.00198,1.03431
67.92009,48.78685,3841.0,0.00116,-0.00056,1.03479
89.32039,49.15531,2679.0,0.00097,-0.00023,1.03488
85.72825,48.8171,1895.0,0.00069,0.0,1.0348
87.27948,52.32618,1748.0,0.00151,0.00029,1.03559
78.31814,49.1385,2936.0,0.00153,0.00027,1.0349
61.35857,46.30406,3087.0,0.00087,-0.00095,1.03426
46.88742,50.50823,3914.0,0.00111,-0.0007,1.03513
64.94118,57.68635,5152.0,0.00211,-0.00076,1.03687
67.30038,52.69047,4464.0,0.00306,0.00061,1.03582
58.69219,50.82837,4115.0,0.00289,0.00027,1.03541
45.67344,53.02176,3801.0,0.00147,-0.00057,1.0359099999999999
51.41732,57.01042,3616.0,0.0017,0.00016,1.03687
46.76656,52.11685,8375.0,0.00366,0.00021,1.03589
56.60377,61.70886,8287.0,0.00402,-0.00013,1.03853
26.85686,35.97845,11547.0,0.00375,-0.00561,1.02983
26.61682,42.24565,6407.0,-0.00214,-0.0056,1.03192
17.66523,41.36412,5064.0,-0.00085,-0.00372,1.0315
41.37721,55.22205,10834.0,0.00326,-0.00398,1.03725
66.95753,62.14909,12577.0,0.00595,0.00074,1.04136
86.56476,60.66489,6235.0,0.00656,0.00425,1.04076
88.80578,60.78326,3286.0,0.00392,0.00293,1.04083
83.92625,60.83798,4089.0,0.00351,0.00255,1.04086
84.76251,63.52128,2590.0,0.00482,0.00266,1.04232
87.47826,66.07403,3837.0,0.00494,0.00319,1.0438
80.57508,62.27783,6215.0,0.00527,0.00291,1.04261
67.0571,62.29755,4702.0,0.00312,0.00193,1.04262
55.87583,63.43643,3314.0,0.00286,0.00191,1.04317
59.70537,65.01828,2251.0,0.00332,0.00169,1.04393
69.64286,66.34651,4764.0,0.00371,0.00234,1.04457
84.99496,68.45504,4028.0,0.00362,0.00204,1.04561
52.5,51.03506,7289.0,0.0046,-0.00237,1.04038
54.88215,59.64916,8875.0,0.00247,-0.00286,1.04443
51.58542,58.90079,5838.0,0.00222,0.00022,1.04416
59.55744,53.17266,4951.0,0.0026,-0.00057,1.04202
56.45009,56.88704,4263.0,0.00148,-0.00081,1.04377
60.55091,58.33946,4940.0,0.00263,0.00077,1.04448
73.35958,66.1092,9781.0,0.00766,-0.00025,1.04894
84.80684,70.57474,9676.0,0.00797,0.00352,1.05229
76.18311,61.30192,14180.0,0.00787,0.00165,1.04874
72.76074,62.77938,8196.0,0.00479,0.00214,1.04973
65.3478,64.30067,7102.0,0.00451,0.0002,1.05075
66.32263,64.36255,4977.0,0.0046,0.00295,1.0507900000000001
70.59083,66.08225,4454.0,0.00403,0.00164,1.05187
75.1589,66.94621,3679.0,0.00442,0.00259,1.05241
85.82974,67.14767,1652.0,0.00375,0.00301,1.05253
87.28324,65.95017,3089.0,0.00287,0.00209,1.0522
81.88406,67.08704,2334.0,0.00388,0.00192,1.05279
55.26075,60.58689,3718.0,0.00259,0.00053,1.05104
38.39038,61.26073,3444.0,0.00138,0.00029,1.05133
16.81772,60.71783,4128.0,0.00121,0.00003,1.05119
32.61084,63.86493,2379.0,0.00182,0.00022,1.05246
48.7965,63.34544,2282.0,0.00162,0.00067,1.05234
69.47891,63.29896,3463.0,0.00168,0.00063,1.05233
76.94301,64.6208,4050.0,0.00219,0.00089,1.0528
69.80482,65.05594,6134.0,0.00262,0.00076,1.05295
68.16284,66.85207,7211.0,0.0026,-0.00062,1.05356
61.17405,63.54565,5934.0,0.00196,-0.00051,1.05299
58.07453,63.18927,3887.0,0.00083,-0.00056,1.05293
59.83437,65.94783,3571.0,0.00152,-0.00012,1.05373
68.01242,66.11974,4621.0,0.00187,0.00005,1.05378
46.04317,36.21346,13552.0,0.00242,-0.00885,1.04623
38.17976,39.51109,13295.0,-0.00192,-0.00651,1.04707
34.73775,40.58075,9687.0,-0.00252,-0.00554,1.04734
51.21811,55.29767,8740.0,0.00188,-0.0041,1.05198
67.56444,56.6756,6363.0,0.00243,0.00053,1.05253
82.56765,54.68353,3274.0,0.00219,0.00072,1.05193
89.22757,59.07305,3431.0,0.00221,-0.00042,1.05362
91.04716,58.02815,4892.0,0.0023,0.00135,1.05333
95.49689,60.13544,1746.0,0.00215,0.00116,1.05413
91.09986,59.01204,1279.0,0.00194,0.00066,1.05385
94.45585,60.49676,2258.0,0.00177,0.00045,1.05437
88.51675,60.04364,3444.0,0.00193,0.00109,1.05427
87.89144,66.87146,4032.0,0.00401,0.00084,1.05681
85.67416,67.41764,3196.0,0.00329,0.00181,1.05704
90.99291,69.74369,2214.0,0.00377,0.00216,1.05803
93.80783,69.95493,1860.0,0.0033,0.00258,1.05812
95.30347,70.45157,2335.0,0.00298,0.00196,1.05832
82.57042,62.50454,3488.0,0.00261,0.00112,1.0569
48.95161,49.7469,5834.0,0.00169,-0.00239,1.05392
32.27941,54.84021,7305.0,0.00002,-0.00207,1.05544
37.56906,56.41444,6911.0,0.00102,-0.00071,1.05594
40.13962,48.03396,5122.0,0.00072,-0.00326,1.05363
51.43184,56.5669,4530.0,0.00227,-0.00249,1.05645
67.07629,62.56488,4909.0,0.00356,0.00008,1.05899
77.53623,54.78785,7888.0,0.00336,0.00034,1.05658
64.8,50.29166,6771.0,0.00099,-0.00098,1.05498
40.32325,44.22233,11311.0,-0.00042,-0.00503,1.05251
20.02216,37.8512,6344.0,-0.00072,-0.00548,1.04933
9.85963,38.51509,4737.0,-0.00225,-0.00479,1.04955
5.31097,39.15521,2541.0,-0.0026,-0.00381,1.04975
9.29115,38.10235,3039.0,-0.00276,-0.00449,1.04926
11.21999,36.47599,4520.0,-0.00232,-0.00405,1.04851
17.73094,39.46195,2064.0,-0.00224,-0.00326,1.04931
26.17057,39.69228,1508.0,-0.00186,-0.00288,1.04937
52.8536,40.79048,1569.0,-0.00124,-0.00189,1.04964
78.76802,46.35612,1939.0,0.00004,-0.0016,1.05106
86.06848,46.3229,3787.0,0.00079,-0.00067,1.05105
69.86987,42.16561,4765.0,0.00061,-0.00177,1.04978
44.17671,40.52149,3707.0,0.00029,-0.00188,1.04925
21.27216,39.91702,3155.0,-0.00052,-0.00147,1.04906
18.49949,41.60569,3977.0,-0.00079,-0.00196,1.0493999999999999
20.88847,38.312,4295.0,-0.00049,-0.00246,1.04844
31.61765,41.59887,5056.0,-0.00008,-0.00225,1.04907
36.26168,41.65233,6736.0,0.00117,-0.00157,1.04908
47.87759,43.50127,5147.0,0.00054,-0.00182,1.04941
58.85262,47.64082,4708.0,0.00107,-0.00064,1.05017
74.60457,54.81397,4028.0,0.00222,-0.00061,1.05169
84.34004,58.35191,3984.0,0.00288,0.00091,1.05256
78.69171,52.14901,5269.0,0.00206,-0.00021,1.05134
60.53512,46.68467,6622.0,0.00143,-0.00066,1.0501
39.81742,45.80411,8313.0,0.00055,-0.00179,1.04989
23.42942,44.3373,6591.0,0.00262,-0.00074,1.04955
17.19078,39.00433,4432.0,-0.00021,-0.00201,1.04821
7.71605,33.13928,3309.0,-0.0012,-0.00315,1.04639
3.78993,32.96226,3028.0,-0.00211,-0.00308,1.04633
7.26829,36.85964,1862.0,-0.00154,-0.00251,1.04697
12.4507,36.00917,812.0,-0.00137,-0.00201,1.04673
18.59756,35.3827,1366.0,-0.00133,-0.00186,1.04656
29.95951,36.71576,1174.0,-0.00097,-0.00153,1.04675
37.54864,34.22012,2400.0,-0.00089,-0.00208,1.04613
65.53191,42.18531,3531.0,-0.00024,-0.00213,1.04729
59.39177,39.00912,4223.0,0.00017,-0.00098,1.04657
65.15397,40.02821,2341.0,-0.0006,-0.00157,1.04672
47.81931,38.27314,1660.0,-0.0004,-0.00137,1.04634
49.06542,40.57581,2720.0,-0.00005,-0.00095,1.04665
29.20723,33.03848,3900.0,-0.00001,-0.00208,1.0449
37.42018,40.37495,4952.0,0.00001,-0.00239,1.04597
56.17021,50.43627,6344.0,0.00117,-0.0019,1.0478
79.26484,49.44835,5335.0,0.00147,-0.00038,1.0476
87.45595,59.60563,5029.0,0.00328,-0.00014,1.04997
80.46318,54.45424,3917.0,0.00284,0.0013,1.04894
87.37909,68.12857,4148.0,0.00547,0.00014,1.05366
89.31005,69.35343,7668.0,0.00542,0.00269,1.05424
83.81643,58.76539,8706.0,0.00533,0.00192,1.05173
62.67447,54.09587,12451.0,0.00317,-0.00028,1.05042
39.28571,53.95406,5872.0,0.00122,-0.00104,1.05038
34.72737,58.19823,4782.0,0.00208,-0.00025,1.05181
37.48663,55.30202,3171.0,0.00262,0.00077,1.05106
47.81288,56.46003,2921.0,0.00159,0.00022,1.05143
49.02507,54.5964,2700.0,0.00119,-0.00024,1.05098
49.06166,52.91448,1470.0,0.00072,-0.00014,1.05058
34.73792,53.49648,2172.0,0.00058,-0.00033,1.05073
29.22252,55.33077,1257.0,0.00087,0.00009,1.05119
25.62396,50.71397,2159.0,0.00094,-0.00043,1.05021
31.85185,50.48116,3978.0,-0.00008,-0.00105,1.05016
14.86726,47.63814,3439.0,0.00036,-0.00091,1.04956
28.10985,51.71349,2364.0,0.0001,-0.00095,1.05039
27.76886,50.28323,2824.0,0.0001,-0.00087,1.05011
47.01627,51.52808,2664.0,0.00025,-0.00095,1.05035
60.70826,56.45019,2119.0,0.00139,-0.00025,1.05135
81.2749,61.67772,4477.0,0.00229,0.00015,1.05259
85.61297,62.03603,5355.0,0.00169,0.00018,1.05268
60.78261,45.53436,3915.0,0.00185,-0.00187,1.04946
51.63453,53.34259,3631.0,0.00047,-0.00182,1.05133
38.26861,51.17499,3433.0,0.00053,-0.00165,1.05082
59.43475,55.26781,4406.0,0.0014,-0.0004,1.05188
64.77366,55.90994,6282.0,0.00202,-0.00009,1.05205
83.57749,62.32102,8436.0,0.00245,0.00018,1.05391
89.42049,64.37279,5986.0,0.0029,0.00152,1.05459
89.19247,65.9953,4417.0,0.00405,0.00098,1.05514
77.92208,62.04381,3409.0,0.00291,0.00119,1.05443
74.23581,66.26602,2945.0,0.00303,0.00068,1.0558
75.5102,66.93497,3648.0,0.00277,0.00097,1.05603
80.80808,64.23508,2407.0,0.00224,0.00147,1.05558
73.61111,63.49519,1046.0,0.00183,0.00137,1.05546
67.28625,63.72154,2253.0,0.00145,0.0006,1.05552
63.08824,63.88327,1375.0,0.00187,0.00101,1.05556
65.91304,65.7445,2111.0,0.00133,0.0005,1.05601
74.3106,72.25102,5033.0,0.00339,0.00079,1.0579
76.05956,68.73389,4018.0,0.00261,0.00114,1.05743
79.00188,70.79813,2963.0,0.00256,0.00152,1.05806
75.5814,67.35699,2334.0,0.00216,0.00149,1.05761
74.9203,67.77181,2781.0,0.00234,0.00113,1.05772
63.7931,66.85148,3188.0,0.00136,0.0006,1.05761
41.76301,60.39021,4344.0,0.00227,0.00013,1.05681
16.28242,55.25553,4320.0,0.00121,-0.00041,1.0561
13.25967,52.72468,4170.0,0.00024,-0.00171,1.05573
20.59621,53.59591,3222.0,0.00058,-0.00105,1.05587
23.71795,50.02874,4299.0,0.00028,-0.00106,1.05537
24.93392,51.63295,5109.0,0.00056,-0.00107,1.0556
38.37293,41.0252,11181.0,0.00086,-0.00559,1.05389
48.14364,38.89879,8394.0,-0.00042,-0.00292,1.05347
54.78348,43.57579,9730.0,0.00057,-0.00334,1.05409
60.75433,49.27469,4777.0,0.00019,-0.00171,1.05493
67.11409,46.9507,3212.0,-0.00008,-0.00189,1.05455
72.17598,49.65826,2648.0,0.00051,-0.00112,1.05495
71.47863,48.06374,2528.0,0.0002,-0.00068,1.05471
56.30414,38.69712,2491.0,0.00005,-0.00172,1.05304
35.58215,41.00896,1323.0,-0.00117,-0.00166,1.05335
